CREATE DATABASE QuanlySieuThi
--drop database QuanlySieuThi
GO
USE QuanLySieuThi

GO

CREATE TABLE [dbo].[NHANVIEN](
	[MaNV] [varchar](10) NOT NULL,
	[TenNV] [nvarchar](50) NULL unique,
	[NgaySinh] [datetime] NULL,
	[DiaChi] [nvarchar](200) NULL,
	[SDT] [varchar](15) NULL,
	[ChucVu] [nvarchar](20) NULL,
CONSTRAINT [PK_NHANVIEN] PRIMARY KEY CLUSTERED 
(
	[MaNV] ASC
)WITH (PAD_INDEX = OFF, STATISTICS_NORECOMPUTE = OFF, IGNORE_DUP_KEY = OFF, ALLOW_ROW_LOCKS = ON, ALLOW_PAGE_LOCKS = ON, OPTIMIZE_FOR_SEQUENTIAL_KEY = OFF) ON [PRIMARY]
) ON [PRIMARY]

GO

SET ANSI_NULLS ON
GO
SET QUOTED_IDENTIFIER ON

GO

CREATE TABLE NGUOIDUNG(
	MaNV varchar(10) NOT NULL,
	tendangnhap nvarchar(50) NOT NULL UNIQUE,
	matkhau nchar(10) NOT NULL,
CONSTRAINT [PK_NGUOIDUNG] PRIMARY KEY CLUSTERED 
(
	MaNV ASC
)WITH (PAD_INDEX = OFF, STATISTICS_NORECOMPUTE = OFF, IGNORE_DUP_KEY = OFF, ALLOW_ROW_LOCKS = ON, ALLOW_PAGE_LOCKS = ON, OPTIMIZE_FOR_SEQUENTIAL_KEY = OFF) ON [PRIMARY]
) ON [PRIMARY]


GO


SET ANSI_NULLS ON
GO
SET QUOTED_IDENTIFIER ON


GO
CREATE TABLE [dbo].[KHACHHANG](
	[MaKH] [varchar](10) NOT NULL,
	[TenKH] [nvarchar](50) NULL,
	[SDT] [varchar](15) NULL,
	[DiaChi] [nvarchar](200) NULL,
CONSTRAINT [PK_KHACHHANG] PRIMARY KEY CLUSTERED 
(
	[MaKH] ASC
)WITH (PAD_INDEX = OFF, STATISTICS_NORECOMPUTE = OFF, IGNORE_DUP_KEY = OFF, ALLOW_ROW_LOCKS = ON, ALLOW_PAGE_LOCKS = ON, OPTIMIZE_FOR_SEQUENTIAL_KEY = OFF) ON [PRIMARY]
) ON [PRIMARY]
GO

SET ANSI_NULLS ON
GO
SET QUOTED_IDENTIFIER ON


GO
CREATE TABLE [dbo].[TANG](
	[MaTang] [varchar](10) NOT NULL,
	[TenTang] [nvarchar](10) NULL,
CONSTRAINT [PK_TANG] PRIMARY KEY CLUSTERED 
(
	[MaTang] ASC
)WITH (PAD_INDEX = OFF, STATISTICS_NORECOMPUTE = OFF, IGNORE_DUP_KEY = OFF, ALLOW_ROW_LOCKS = ON, ALLOW_PAGE_LOCKS = ON, OPTIMIZE_FOR_SEQUENTIAL_KEY = OFF) ON [PRIMARY]
) ON [PRIMARY]
GO

SET ANSI_NULLS ON
GO
SET QUOTED_IDENTIFIER ON

GO
CREATE TABLE [dbo].[HANG](
	[MaHang] [varchar](10) NOT NULL,
	[TenHang] [nvarchar](50) NULL,
	[DonViTinh] [nvarchar](10) NULL,
	[SoLuong] [int] NULL,
	[DonGia] [decimal](13, 4) NULL,
	[MaTang] [varchar](10) NULL,
CONSTRAINT [PK_HANG] PRIMARY KEY CLUSTERED 
(
	[MaHang] ASC
)WITH (PAD_INDEX = OFF, STATISTICS_NORECOMPUTE = OFF, IGNORE_DUP_KEY = OFF, ALLOW_ROW_LOCKS = ON, ALLOW_PAGE_LOCKS = ON, OPTIMIZE_FOR_SEQUENTIAL_KEY = OFF) ON [PRIMARY]
) ON [PRIMARY]
GO

SET ANSI_NULLS ON
GO
SET QUOTED_IDENTIFIER ON

GO
CREATE TABLE [dbo].[NCC](
	[MaNCC] [varchar](10) NOT NULL,
	[TenNCC] [nvarchar](100) NULL,
	[DiaChi] [nvarchar](200) NULL,
	[SDT] [varchar](15) NULL,
CONSTRAINT [PK_NCC] PRIMARY KEY CLUSTERED 
(
	[MaNCC] ASC
)WITH (PAD_INDEX = OFF, STATISTICS_NORECOMPUTE = OFF, IGNORE_DUP_KEY = OFF, ALLOW_ROW_LOCKS = ON, ALLOW_PAGE_LOCKS = ON, OPTIMIZE_FOR_SEQUENTIAL_KEY = OFF) ON [PRIMARY]
) ON [PRIMARY]
GO

SET ANSI_NULLS ON
GO
SET QUOTED_IDENTIFIER ON

GO
CREATE TABLE [dbo].[PHIEUTHU](
	[MaPT] [varchar](10) NOT NULL,
	[MaNV] [varchar](10) NULL,
	[NgayThu] [datetime] NULL,
	[TongGiaTri] [money] NULL,
CONSTRAINT [PK_PHIEUTHU] PRIMARY KEY CLUSTERED 
(
	[MaPT] ASC
)WITH (PAD_INDEX = OFF, STATISTICS_NORECOMPUTE = OFF, IGNORE_DUP_KEY = OFF, ALLOW_ROW_LOCKS = ON, ALLOW_PAGE_LOCKS = ON, OPTIMIZE_FOR_SEQUENTIAL_KEY = OFF) ON [PRIMARY]
) ON [PRIMARY]
GO


SET ANSI_NULLS ON
GO
SET QUOTED_IDENTIFIER ON


GO
CREATE TABLE [dbo].[PHIEUCHI](
	[MaPC] [varchar](10) NOT NULL,
	[MaNV] [varchar](10) NULL,
	[NgayChi] [datetime] NULL,
	[TongGiaTri] [money] NULL,
CONSTRAINT [PK_PHIEUCHI] PRIMARY KEY CLUSTERED 
(
	[MaPC] ASC
)WITH (PAD_INDEX = OFF, STATISTICS_NORECOMPUTE = OFF, IGNORE_DUP_KEY = OFF, ALLOW_ROW_LOCKS = ON, ALLOW_PAGE_LOCKS = ON, OPTIMIZE_FOR_SEQUENTIAL_KEY = OFF) ON [PRIMARY]
) ON [PRIMARY]
GO

SET ANSI_NULLS ON
GO
SET QUOTED_IDENTIFIER ON

GO
CREATE TABLE [dbo].[PHIEUXUAT1](
	[MaPX] [varchar](10) NOT NULL,
	[MaNV] [varchar](10) NULL,
	[NgayXuat] [datetime] NULL,
	[TongGiaTri] [money] NULL,
CONSTRAINT [PK_PHIEUXUAT1] PRIMARY KEY CLUSTERED 
(
	[MaPX] ASC
)WITH (PAD_INDEX = OFF, STATISTICS_NORECOMPUTE = OFF, IGNORE_DUP_KEY = OFF, ALLOW_ROW_LOCKS = ON, ALLOW_PAGE_LOCKS = ON, OPTIMIZE_FOR_SEQUENTIAL_KEY = OFF) ON [PRIMARY]
) ON [PRIMARY]
GO

SET ANSI_NULLS ON
GO
SET QUOTED_IDENTIFIER ON


GO
CREATE TABLE [dbo].[PHIEUXUAT2](
	[MaPX] [varchar](10) NOT NULL,
	[MaHang] [varchar](10) NOT NULL,
	[TenHang] [nvarchar](50) NULL,
	[DonGia] [decimal](13, 4) NULL,
	[DonViTinh] [nvarchar](10) NULL,
	[SoLuong] [int] NULL,
CONSTRAINT [PK_PHIEUXUAT2] PRIMARY KEY CLUSTERED 
(
	[MaHang] ASC,
	[MaPX] ASC
)WITH (PAD_INDEX = OFF, STATISTICS_NORECOMPUTE = OFF, IGNORE_DUP_KEY = OFF, ALLOW_ROW_LOCKS = ON, ALLOW_PAGE_LOCKS = ON, OPTIMIZE_FOR_SEQUENTIAL_KEY = OFF) ON [PRIMARY]
) ON [PRIMARY]
GO

SET ANSI_NULLS ON
GO
SET QUOTED_IDENTIFIER ON

GO
CREATE TABLE [dbo].[PHIEUNHAP1](
	[MaPN] [varchar](10) NOT NULL,
	[MaNV] [varchar](10) NULL,
	[NgayLap] [datetime] NULL,
	[TongGiaTri] [money] NULL,
	[MaNCC] [varchar](10) NULL,
CONSTRAINT [PK_PHIEUNHAP1] PRIMARY KEY CLUSTERED 
(
	[MaPN] ASC
)WITH (PAD_INDEX = OFF, STATISTICS_NORECOMPUTE = OFF, IGNORE_DUP_KEY = OFF, ALLOW_ROW_LOCKS = ON, ALLOW_PAGE_LOCKS = ON, OPTIMIZE_FOR_SEQUENTIAL_KEY = OFF) ON [PRIMARY]
) ON [PRIMARY]
GO

SET ANSI_NULLS ON
GO
SET QUOTED_IDENTIFIER ON


GO
CREATE TABLE [dbo].[PHIEUNHAP2](
	[MaPN] [varchar](10) NOT NULL,
	[Mahang] [varchar](10) NOT NULL,
	[TenHang] [nvarchar](50) NULL,
	[DonGia] [decimal](13, 4) NULL,
	[DonViTinh] [nvarchar](10) NULL,
	[SoLuong] [int] NULL,
CONSTRAINT [PK_PHIEUNHAP2] PRIMARY KEY CLUSTERED 
(
	[MaPN] ASC,
	[Mahang] ASC
)WITH (PAD_INDEX = OFF, STATISTICS_NORECOMPUTE = OFF, IGNORE_DUP_KEY = OFF, ALLOW_ROW_LOCKS = ON, ALLOW_PAGE_LOCKS = ON, OPTIMIZE_FOR_SEQUENTIAL_KEY = OFF) ON [PRIMARY]
) ON [PRIMARY]
GO

SET ANSI_NULLS ON
GO
SET QUOTED_IDENTIFIER ON

GO
CREATE TABLE [dbo].[HOADON1](
	[MaHD] [varchar](10) NOT NULL,
	[MaNV] [varchar](10) NULL,
	[MaKH] [varchar](10) NULL,
	[NgayThang] [datetime] NULL,
	[ThanhTien] [decimal](13, 4) NULL,
CONSTRAINT [PK_HOADON1] PRIMARY KEY CLUSTERED 
(
	[MaHD] ASC
)WITH (PAD_INDEX = OFF, STATISTICS_NORECOMPUTE = OFF, IGNORE_DUP_KEY = OFF, ALLOW_ROW_LOCKS = ON, ALLOW_PAGE_LOCKS = ON, OPTIMIZE_FOR_SEQUENTIAL_KEY = OFF) ON [PRIMARY]
) ON [PRIMARY]
GO

SET ANSI_NULLS ON
GO
SET QUOTED_IDENTIFIER ON

GO
CREATE TABLE [dbo].[HOADON2](
	[MaHD] [varchar](10) NOT NULL,
	[MaHang] [varchar](10) NOT NULL,
	[TenHang] [nvarchar](50) NULL,
	[DonGia] [decimal](13, 4) NULL,
	[DonViTinh] [nvarchar](10) NULL,
	[SoLuong] [int] NULL,
CONSTRAINT [PK_HOADON2] PRIMARY KEY CLUSTERED 
(
	[MaHD] ASC,
	[MaHang] ASC
)WITH (PAD_INDEX = OFF, STATISTICS_NORECOMPUTE = OFF, IGNORE_DUP_KEY = OFF, ALLOW_ROW_LOCKS = ON, ALLOW_PAGE_LOCKS = ON, OPTIMIZE_FOR_SEQUENTIAL_KEY = OFF) ON [PRIMARY]
) ON [PRIMARY]
GO

SET ANSI_NULLS ON
GO
SET QUOTED_IDENTIFIER ON

GO
ALTER TABLE [dbo].[HOADON1]  WITH CHECK ADD FOREIGN KEY([MaKH])
REFERENCES [dbo].[KHACHHANG] ([MaKH])
ON UPDATE CASCADE
ON DELETE CASCADE
GO
ALTER TABLE [dbo].[HOADON1]  WITH CHECK ADD FOREIGN KEY([MaNV])
REFERENCES [dbo].[NHANVIEN] ([MaNV])
ON UPDATE CASCADE
ON DELETE CASCADE
GO
ALTER TABLE [dbo].[HOADON2]  WITH CHECK ADD FOREIGN KEY([MaHD])
REFERENCES [dbo].[HOADON1] ([MaHD])
ON UPDATE CASCADE
ON DELETE CASCADE
GO
ALTER TABLE [dbo].[HOADON2]  WITH CHECK ADD FOREIGN KEY([MaHang])
REFERENCES [dbo].[HANG] ([MaHang])
ON UPDATE CASCADE
ON DELETE CASCADE
GO
ALTER TABLE [dbo].[PHIEUCHI]  WITH CHECK ADD FOREIGN KEY([MaNV])
REFERENCES [dbo].[NHANVIEN] ([MaNV])
ON UPDATE CASCADE
ON DELETE CASCADE
GO
ALTER TABLE [dbo].[PHIEUNHAP1]  WITH CHECK ADD FOREIGN KEY([MaNCC])
REFERENCES [dbo].[NCC] ([MaNCC])
ON UPDATE CASCADE
ON DELETE CASCADE
GO
ALTER TABLE [dbo].[PHIEUNHAP1]  WITH CHECK ADD FOREIGN KEY([MaNV])
REFERENCES [dbo].[NHANVIEN] ([MaNV])
ON UPDATE CASCADE
ON DELETE CASCADE
GO
ALTER TABLE [dbo].[PHIEUNHAP2]  WITH CHECK ADD FOREIGN KEY([MaPN])
REFERENCES [dbo].[PHIEUNHAP1] ([MaPN])
ON UPDATE CASCADE
ON DELETE CASCADE
GO
ALTER TABLE [dbo].[PHIEUNHAP2]  WITH CHECK ADD FOREIGN KEY([MaHang])
REFERENCES [dbo].[HANG] ([MaHang])
ON UPDATE CASCADE
ON DELETE CASCADE
GO

ALTER TABLE [dbo].[PHIEUTHU]  WITH CHECK ADD FOREIGN KEY([MaNV])
REFERENCES [dbo].[NHANVIEN] ([MaNV])
ON UPDATE CASCADE
ON DELETE CASCADE
GO
ALTER TABLE [dbo].[PHIEUXUAT1]  WITH CHECK ADD FOREIGN KEY([MaNV])
REFERENCES [dbo].[NHANVIEN] ([MaNV])
ON UPDATE CASCADE
ON DELETE CASCADE
GO
ALTER TABLE [dbo].[PHIEUXUAT2]  WITH CHECK ADD FOREIGN KEY([MaPX])
REFERENCES [dbo].[PHIEUXUAT1] ([MaPX])
ON UPDATE CASCADE
ON DELETE CASCADE
GO
ALTER TABLE [dbo].[PHIEUXUAT2]  WITH CHECK ADD FOREIGN KEY([MaHang])
REFERENCES [dbo].[HANG] ([MaHang])
ON UPDATE CASCADE
ON DELETE CASCADE
GO
ALTER TABLE [dbo].[HANG]  WITH CHECK ADD FOREIGN KEY([MaTang])
REFERENCES [dbo].[TANG] ([MaTang])
ON UPDATE CASCADE
ON DELETE CASCADE
GO
ALTER TABLE NGUOIDUNG  WITH CHECK ADD FOREIGN KEY(MaNV)
REFERENCES NHANVIEN (MaNV)
ON UPDATE CASCADE
ON DELETE CASCADE


-- Nhập dữ liệu vào bảng NHANVIEN
GO 
INSERT INTO NHANVIEN (MaNV, TenNV, NgaySinh, DiaChi, SDT, ChucVu)
VALUES ('NV001', N'Nguyễn Văn Thắng', '2004-05-15', N'123 Đường ABC', '0901234567', N'Nhân viên bán hàng'),
       ('NV002', N'Nguyễn Đình Tuấn', '2004-08-22', N'456 Đường XYZ', '0908765432', N'Nhân viên thu ngân'),
       ('NV003', N'Nguyễn Phúc Thiên', '1988-12-10', N'789 Đường KLM', '0903334444', N'Quản lý kho'),
       ('NV004', N'Nguyễn Thành Phát', '1999-03-25', N'321 Đường DEF', '0842133757', N'Giám đốc'),
       ('NV005', N'Nguyễn Thị Thảo', '1993-07-18', N'654 Đường HIJ', '0909998888', N'Nhân viên bảo vệ');
GO
--Nhập liệu cho bảng người dùng
INSERT INTO NGUOIDUNG (MaNV,matkhau , tendangnhap   )
VALUES ('NV001','123','thang'),
		('NV002','123','tuan'),
		('NV003','123','thien'),
		('NV004','123','phat'),
		('NV005','123','thao');
-- Nhập dữ liệu vào bảng KHACHHANG
GO
INSERT INTO KHACHHANG (MaKH, TenKH, SDT, DiaChi)
VALUES ('KH001', N'Trần Văn Khánh', '0912345678', N'12 Nguyễn Du'),
       ('KH002', N'Nguyễn Thị Hồng', '0987654321', N'34 Lý Tự Trọng'),
       ('KH003', N'Lê Thị Mai', '0977123456', N'56 Lê Lợi'),
       ('KH004', N'Phạm Văn Long', '0908889999', N'78 Trần Phú'),
       ('KH005', N'Hoàng Anh Tuấn', '0966667777', N'90 Nguyễn Văn Linh');

-- Nhập dữ liệu vào bảng TANG
GO
INSERT INTO TANG (MaTang, TenTang)
VALUES ('T01', N'Tầng 1'),
       ('T02', N'Tầng 2'),
       ('T03', N'Tầng 3');

-- Nhập dữ liệu vào bảng HANG
GO
INSERT INTO HANG (MaHang, TenHang, DonViTinh, SoLuong, DonGia, MaTang)
VALUES ('H001', N'Dép Chanel', N'Đôi', 120, 25000, 'T01'),
	   ('H002', N'Áo Phông', N'Cái', 120, 25000, 'T01'),
	   ('H003', N'Áo Khoác', N'Cái', 80, 20000, 'T01'),
	   ('H004', N'Bánh gạo', N'Gói', 100, 15000, 'T03'),   
       ('H005', N'Thịt sạch Matdeli', N'Kg', 50, 70000, 'T02'),
	   ('H006', N'Rau xà lách', N'Kg', 120, 25000, 'T02'),
	   ('H007', N'Cá ngừ đại dương', N'Kg', 120, 25000, 'T02'),
	   ('H008', N'Bột giặt omo', N'Gói', 120, 25000, 'T03'),
	   ('H009', N'Sữa hộp', N'Lốc', 120, 25000, 'T03'),
	   ('H010', N'Nước ngọt Coca-Cola', N'Lon', 200, 10000, 'T03');
-- Nhập dữ liệu vào bảng NCC
GO
INSERT INTO NCC (MaNCC, TenNCC, DiaChi, SDT)
VALUES ('NCC001', N'Công ty TNHH A', N'234 Đường GHI, Quận Bình Thạnh, TP.HCM', '0912345678'),
       ('NCC002', N'Công ty TNHH B', N'567 Đường KLM, Quận Tân Bình, TP.HCM', '0987654321'),
       ('NCC003', N'Công ty TNHH C', N'890 Đường NOP, Quận Gò Vấp, TP.HCM', '0977123456'),
       ('NCC004', N'Công ty TNHH D', N'123 Đường QRS, Quận Phú Nhuận, TP.HCM', '0908889999'),
       ('NCC005', N'Công ty TNHH E', N'456 Đường TUV, Quận 7, TP.HCM', '0966667777');

	   


-- Nhập dữ liệu vào bảng PHIEUTHU
GO
INSERT INTO PHIEUTHU (MaPT, MaNV, NgayThu, TongGiaTri)
VALUES ('PT001', 'NV001', '2024-04-01', 500000),
       ('PT002', 'NV002', '2024-04-02', 700000),
       ('PT003', 'NV003', '2024-04-03', 1000000),
       ('PT004', 'NV004', '2024-04-04', 800000),
       ('PT005', 'NV005', '2024-04-05', 600000);

-- Nhập dữ liệu vào bảng PHIEUCHI
GO
INSERT INTO PHIEUCHI (MaPC, MaNV, NgayChi, TongGiaTri)
VALUES ('PC001', 'NV001', '2024-04-06', 300000),
       ('PC002', 'NV002', '2024-04-07', 400000),
       ('PC003', 'NV003', '2024-04-08', 200000),
       ('PC004', 'NV004', '2024-04-09', 600000),
       ('PC005', 'NV005', '2024-04-10', 350000);

-- Nhập dữ liệu vào bảng PHIEUXUAT1
GO
INSERT INTO PHIEUXUAT1 (MaPX, MaNV, NgayXuat, TongGiaTri)
VALUES ('PX001', 'NV001', '2024-04-01', 1500000),
       ('PX002', 'NV002', '2024-04-02', 2000000),
       ('PX003', 'NV003', '2024-04-03', 1800000),
       ('PX004', 'NV004', '2024-04-04', 2200000),
       ('PX005', 'NV005', '2024-04-05', 1700000);

-- Nhập dữ liệu vào bảng PHIEUXUAT2
GO
INSERT INTO PHIEUXUAT2 (MaPX, MaHang, TenHang, DonGia, DonViTinh, SoLuong)
VALUES ('PX001', 'H001', N'Dép Chanel', 25000, N'Đôi', 10),
       ('PX001', 'H002', N'Áo Phông', 25000, N'Cái', 20),
       ('PX002', 'H003', N'Áo Khoác', 20000, N'Cái', 5),
       ('PX003', 'H004', N'Bánh gạo', 15000, N'Gói', 8),
       ('PX004', 'H005', N'Thịt sạch Matdeli', 70000, N'Kg', 12);

-- Nhập dữ liệu vào bảng PHIEUNHAP1
GO
INSERT INTO PHIEUNHAP1 (MaPN, MaNV, NgayLap, TongGiaTri, MaNCC)
VALUES ('PN001', 'NV001', '2024-04-01', 1200000, 'NCC001'),
       ('PN002', 'NV002', '2024-04-02', 1500000, 'NCC002'),
       ('PN003', 'NV003', '2024-04-03', 1800000, 'NCC003'),
       ('PN004', 'NV004', '2024-04-04', 2000000, 'NCC004'),
       ('PN005', 'NV005', '2024-04-05', 1600000, 'NCC005');

-- Nhập dữ liệu vào bảng PHIEUNHAP2
GO
INSERT INTO PHIEUNHAP2 (MaPN, MaHang, TenHang, DonGia, DonViTinh, SoLuong)
VALUES ('PN001', 'H003', N'Áo Khoác', 20000, N'Cái', 50),
       ('PN002', 'H004', N'Bánh gạo', 15000, N'Gói', 80),
       ('PN003', 'H005', N'Thịt sạch Matdeli', 70000, N'Kg', 10),
       ('PN004', 'H006', N'Rau xà lách', 25000, N'Kg', 20),
       ('PN005', 'H007', N'Cá ngừ đại dương', 25000, N'Kg', 30);

-- Nhập dữ liệu vào bảng HOADON1
GO
INSERT INTO HOADON1 (MaHD, MaNV, MaKH, NgayThang, ThanhTien)
VALUES ('HD001', 'NV001', 'KH001', '2024-04-01', 300000),
       ('HD002', 'NV002', 'KH002', '2024-04-02', 400000),
       ('HD003', 'NV003', 'KH003', '2024-04-03', 500000),
       ('HD004', 'NV004', 'KH004', '2024-04-04', 600000),
       ('HD005', 'NV005', 'KH005', '2024-04-05', 700000);

-- Nhập dữ liệu vào bảng HOADON2
GO
INSERT INTO HOADON2 (MaHD, MaHang, TenHang, DonGia, DonViTinh, SoLuong)
VALUES ('HD001', 'H001', N'Dép Chanel', 25000, N'Đôi', 20),
       ('HD002', 'H003', N'Áo Khoác', 25000, N'Cái', 30),
       ('HD003', 'H005', N'Thịt sạch Matdeli', 70000, N'Kg', 5),
       ('HD004', 'H008', N'Bột giặt omo', 25000, N'Gói', 10),
       ('HD005', 'H010', N'Nước ngọt Coca-Cola', 10000, N'Lon', 15);
--select *from Nguoidung nd,nhanvien nv
--where nd.MaNV = 'NV001' and nd.MaNV = nv.MaNV  ;

--select * from NGUOIDUNG

--		select * from NHANVIEN where MaNV = 
--		(select MaNV from NGUOIDUNG where tendangnhap = 'phat')

select * from HANG 
select *from PHIEUNHAP1
select*from Hang
select * from HOADON1
--update HANG set SoLuong = 120 where MaHang = 'H001'